Название;Цена min (BYN);Цена max (BYN);Ссылка
UNS-21/8BL (с 2-мя АКБ);200.42;240.87;https://catalog.onliner.by/chainsaw/edon/uns218bl
AD-16BL (с 2-мя АКБ, кейс, набор оснастки);148.00;211.56;https://catalog.onliner.by/screwdriver/edon/6937888233739
AD-18BL (с 2-мя АКБ, кейс, набор оснастки);155.04;237.39;https://catalog.onliner.by/screwdriver/edon/6937888233760
UNS-21/10BL (с 2-мя АКБ);240.60;301.54;https://catalog.onliner.by/chainsaw/edon/uns2110bl
UNS-21/6BL (с 2-мя АКБ);192.59;225.61;https://catalog.onliner.by/chainsaw/edon/uns216bl
AD-21PBL (с 2-мя АКБ, кейс, набор оснастки);206.12;286.20;https://catalog.onliner.by/screwdriver/edon/6937888233777
AD-16CBL (с 2-мя АКБ, кейс);122.05;156.93;https://catalog.onliner.by/screwdriver/edon/ed28006
AD-18E (с 2-мя АКБ, кейс, набор оснастки);112.44;169.50;https://catalog.onliner.by/screwdriver/edon/edonad18e
AD-21FJ (с 2-мя АКБ, кейс);240.56;315.67;https://catalog.onliner.by/electric_saw/edon/202020100009
AGT-18 (с 2-мя АКБ);141.03;191.52;https://catalog.onliner.by/trimmers/edon/agt18
UNS-21/25BL (с 1-м АКБ);189.00;423.00;https://catalog.onliner.by/chainsaw/edon/uns2125bl
ASG-18 1001150108 (с 2-мя АКБ);219.26;283.16;https://catalog.onliner.by/electricspraygun/edon/1001150108
UPS-21A (с 1-им АКБ, кейс);221.00;487.64;https://catalog.onliner.by/hedgetrimmers/edon/202020300044
AD-12A (с 2-мя АКБ, кейс);131.65;178.84;https://catalog.onliner.by/screwdriver/edon/ad12a
AD-21CBL (с 2-мя АКБ, кейс);145.82;191.42;https://catalog.onliner.by/screwdriver/edon/ed28013
AD-12 1002010341 (с 2-мя АКБ, кейс, набор оснастки);99.53;144.00;https://catalog.onliner.by/screwdriver/edon/1002010341
AAG-21/125BL (с 2-мя АКБ, кейс);261.49;362.65;https://catalog.onliner.by/angle_grinder/edon/aag21125bl
AD-1201 (с 1-им АКБ, кейс);60.61;75.07;https://catalog.onliner.by/screwdriver/edon/ad1201
LV-200;125.94;141.23;https://catalog.onliner.by/weldinginverter/edon/lv200
Smart NS-21/6BL (с 2-мя АКБ);182.31;204.00;https://catalog.onliner.by/chainsaw/edon/ns216bl
PT3300;612.80;760.00;https://catalog.onliner.by/powerstations/edon/pt3300
UPS-21/100 (с 2-мя АКБ);299.00;305.00;https://catalog.onliner.by/hedgetrimmers/edon/20202010003122
AD-21E (с 2-мя АКБ, кейс);129.10;219.00;https://catalog.onliner.by/screwdriver/edon/202020300023
EDPL02-4 (с АКБ, с кейсом и набором оснастки);68.29;121.12;https://catalog.onliner.by/screwdriver/edon/edpl024
UAD-16BL (с 2-мя АКБ, кейс);148.25;202.02;https://catalog.onliner.by/screwdriver/edon/uad16bl
UNS-21A (с 2-мя АКБ, 1 цепь);117.14;182.61;https://catalog.onliner.by/chainsaw/edon/uns21a
PR-6/900 1001100102;91.91;127.17;https://catalog.onliner.by/woodrouter/edon/1001100102
UPS-21/100 (с 1-им АКБ);227.80;271.17;https://catalog.onliner.by/hedgetrimmers/edon/202020100031
UPW-21A (с 1-им АКБ);221.00;221.00;https://catalog.onliner.by/washers/edon/6937888218224
AD-18M (с 2-мя АКБ, кейс, оснастка);126.48;174.71;https://catalog.onliner.by/screwdriver/edon/6937888232930
AAW-21/600BL (с 2-мя АКБ, кейс, набор оснастки);355.90;470.39;https://catalog.onliner.by/screwdriver/edon/6937888233982
Профи CLL 4D/40FW SET 29780;178.50;192.50;https://catalog.onliner.by/laserlevel/edon/6937888239038
WAB-2000E;57.62;81.72;https://catalog.onliner.by/heat_gun/edon/wab2000e
ECS405-KA30C;137.40;183.26;https://catalog.onliner.by/chainsaw/edon/1001060202
AGS-12;127.43;169.52;https://catalog.onliner.by/sprayer/edon/1043010103
AG-125/1000ER;111.29;150.29;https://catalog.onliner.by/angle_grinder/edon/ag1251000er
PWM-6/2000R;175.00;235.28;https://catalog.onliner.by/pipe_welding/edon/edon1001150207
WAB-3000R;89.97;134.08;https://catalog.onliner.by/heat_gun/edon/edon1023010208
GM-125;106.91;156.26;https://catalog.onliner.by/benchgrinder/edon/gm125
GT-430/2600C (оранжевый);195.68;238.05;https://catalog.onliner.by/trimmers/edon/gt4302600c
Smart MIG-180 Plus;251.00;328.54;https://catalog.onliner.by/weldinginverter/edon/smartmig180plus
UAD-21PBL (с 2-мя АКБ, кейс);165.51;238.18;https://catalog.onliner.by/screwdriver/edon/uad21pbl
GAH-30000;535.71;678.12;https://catalog.onliner.by/heat_gun/edon/6937888228377
CLL 4D/40FWD 29781;172.50;186.01;https://catalog.onliner.by/laserlevel/edon/6937888239045
AD-21A (с 2-мя АКБ, кейс);162.65;231.04;https://catalog.onliner.by/screwdriver/edon/ad21a
CF-1201 (с 2-мя АКБ, кейс, набор оснастки);98.30;112.98;https://catalog.onliner.by/screwdriver/edon/cf1201n
Smart DHP-24/5000;386.00;503.15;https://catalog.onliner.by/heat_gun/edon/dhp245000
ED-CS355-2800;378.45;453.62;https://catalog.onliner.by/electric_saw/edon/edcs3552800
EDPL01-4 (с 1-им АКБ);93.90;116.24;https://catalog.onliner.by/screwdriver/edon/edpl014
GM-150;117.98;161.11;https://catalog.onliner.by/benchgrinder/edon/gm150
MS-92552A;503.76;589.41;https://catalog.onliner.by/electric_saw/edon/ms92552a
OAF21-AG (без АКБ);129.00;129.00;https://catalog.onliner.by/angle_grinder/edon/oaf21ag
Smart MIG-185S;312.10;373.51;https://catalog.onliner.by/weldinginverter/edon/smartmig185s
RH-28/1250C;261.79;331.15;https://catalog.onliner.by/rotaryhammers/edon/1001040422
PR-12/1900 1001080294;253.10;303.00;https://catalog.onliner.by/woodrouter/edon/1001080294
Smart MIG-170S;250.53;306.00;https://catalog.onliner.by/weldinginverter/edon/6937888232824
Smart CUT-45 6937888232848;511.38;629.52;https://catalog.onliner.by/weldinginverter/edon/6937888232848
ПрофиMIG-185;326.40;467.56;https://catalog.onliner.by/weldinginverter/edon/6937888233012
ПрофиMIG-200;548.36;1003.90;https://catalog.onliner.by/weldinginverter/edon/6937888233029
ПрофиMIG-210;708.50;935.44;https://catalog.onliner.by/weldinginverter/edon/6937888233043
ПрофиMIG-250;781.54;896.00;https://catalog.onliner.by/weldinginverter/edon/6937888233128
EXPO MIG-185;273.41;344.53;https://catalog.onliner.by/weldinginverter/edon/6937888236815
EXPO MIG-210;657.12;710.00;https://catalog.onliner.by/weldinginverter/edon/6937888236822
BD-13/400;387.49;444.15;https://catalog.onliner.by/woodworking/edon/bd13400
"ECS405-KA40 16""";158.41;217.60;https://catalog.onliner.by/chainsaw/edon/ecs405ka4016
AD-14C (с 2-мя АКБ);130.09;152.21;https://catalog.onliner.by/screwdriver/edon/edad14c
AD-12CA (с 2-мя АКБ);98.02;119.47;https://catalog.onliner.by/screwdriver/edon/edonad12ca
OS-125/420;134.99;173.02;https://catalog.onliner.by/grinder/edon/eos125420
GT-430/2600 (красный);215.60;295.41;https://catalog.onliner.by/trimmers/edon/gt4302600
Smart NS-21/8BL (с 2-мя АКБ);207.30;223.48;https://catalog.onliner.by/chainsaw/edon/ns218bl
PT-3800C;881.70;949.57;https://catalog.onliner.by/powerstations/edon/pt3800c
RH-28/1250;246.06;319.68;https://catalog.onliner.by/rotaryhammers/edon/rh281250
UAD-21A (с 2-мя АКБ, кейс, набор оснастки);165.14;203.06;https://catalog.onliner.by/screwdriver/edon/uad21a
UAG-21A (с 1-м АКБ, кейс);217.65;337.05;https://catalog.onliner.by/angle_grinder/edon/uag21a
CV-35/1500 1001170104 (без вибронаконечника);241.65;285.59;https://catalog.onliner.by/platecompactor/edon/1001170104
GCS-16/2400A;203.26;257.64;https://catalog.onliner.by/chainsaw/edon/1003030314
UNS-21A (с 2-мя АКБ, оснастка);134.32;134.32;https://catalog.onliner.by/chainsaw/edon/202020300041ac
Smart MIG-190S;533.14;652.00;https://catalog.onliner.by/weldinginverter/edon/213523113909
AD-12M (с 2-мя АКБ, кейс, оснастка);103.27;134.47;https://catalog.onliner.by/screwdriver/edon/6937888232923
ПрофиMIG-180;295.13;447.61;https://catalog.onliner.by/weldinginverter/edon/6937888233005
UGT-21CBL (с 2-мя АКБ);346.20;394.50;https://catalog.onliner.by/trimmers/edon/6937888234903
Профи CLL 4D/40FW 29782;178.10;197.81;https://catalog.onliner.by/laserlevel/edon/6937888239052
AGT-12 (с 2-мя АКБ);112.45;162.74;https://catalog.onliner.by/trimmers/edon/agt12
ANS-21/16DBL (с 2-мя АКБ);404.54;464.00;https://catalog.onliner.by/chainsaw/edon/ans2116dbl
ANS-21/6BL (с 2-мя АКБ);196.60;219.77;https://catalog.onliner.by/chainsaw/edon/ans216bl
ANS-21/8BL (с 2-мя АКБ);207.30;229.88;https://catalog.onliner.by/chainsaw/edon/ans218bl
CMS-210/1800;641.60;720.72;https://catalog.onliner.by/electric_saw/edon/cms2101800
AST-21/10C 35271 (с 2-мя АКБ);411.00;493.00;https://catalog.onliner.by/snowblower/edon/ed35271
ED-8005;82.00;116.29;https://catalog.onliner.by/drills/edon/ed8005
ED-DM1200R;169.74;187.65;https://catalog.onliner.by/drills/edon/eddm1200r
PT-900;386.62;458.04;https://catalog.onliner.by/powerstations/edon/edonpt900
EG-160N (набор);112.89;177.05;https://catalog.onliner.by/engraver/edon/eg160n
EW-900/350;196.79;238.07;https://catalog.onliner.by/screwdriver/edon/ew900350
GT-520/3000C;212.40;249.48;https://catalog.onliner.by/trimmers/edon/gt5203000c
PAC-75;86.86;98.17;https://catalog.onliner.by/compressor_auto/edon/pac75
R100LVLP;88.00;88.00;https://catalog.onliner.by/spraygun/edon/r100lvlp
RH-20/650;130.00;130.00;https://catalog.onliner.by/rotaryhammers/edon/rh20650
UNS-48/305 (с 1-м АКБ);279.35;371.50;https://catalog.onliner.by/chainsaw/edon/uns48305
OAF21-AD/AG (шуруповерт, болгарка, 2 АКБ, кейс);533.00;533.00;https://catalog.onliner.by/powertoolset/edon/oaf21adag
AG-125/1200ER;113.93;158.39;https://catalog.onliner.by/angle_grinder/edon/1001010332
RH-26/1150B;226.05;298.85;https://catalog.onliner.by/rotaryhammers/edon/1001040424
RH-28/1250B;265.23;332.98;https://catalog.onliner.by/rotaryhammers/edon/1001040426
GCS-16/2400B;207.72;207.72;https://catalog.onliner.by/chainsaw/edon/1003030103
GCS-18/2600A;214.11;248.62;https://catalog.onliner.by/chainsaw/edon/1003030315
CB-30;168.36;241.82;https://catalog.onliner.by/start_charge/edon/1008010302
EBP-33016/2000;1679.69;1694.85;https://catalog.onliner.by/woodworking/edon/17522090101
Smart MIG-180;398.60;575.38;https://catalog.onliner.by/weldinginverter/edon/213522113902
UAB-21/3.0 (21В/3 Ач);76.64;135.21;https://catalog.onliner.by/tools_accum/edon/6937888217975
DAH-10000;224.00;224.00;https://catalog.onliner.by/heat_gun/edon/6937888228339
Smart MMA-250 6937888232855;148.13;170.57;https://catalog.onliner.by/weldinginverter/edon/6937888232855
AAW-21/300BL (с 2-мя АКБ, набор оснастки);277.83;348.78;https://catalog.onliner.by/screwdriver/edon/6937888233968
Smart MIG-190S 6937888238109;565.33;610.50;https://catalog.onliner.by/weldinginverter/edon/6937888238109
AD-21AUN (c 2-мя АКБ, кейс);211.70;246.50;https://catalog.onliner.by/screwdriver/edon/ad21aun
AG-125/1000;100.91;137.01;https://catalog.onliner.by/angle_grinder/edon/ag1251000
AG-125/800;82.88;124.71;https://catalog.onliner.by/angle_grinder/edon/ag125800
BD-16/500;597.00;597.00;https://catalog.onliner.by/woodworking/edon/bd16500
Black-257;318.00;380.28;https://catalog.onliner.by/weldinginverter/edon/black257
CS-185-1650C;217.67;268.26;https://catalog.onliner.by/electric_saw/edon/cs1851650c
CV-35/1100 1001170105/1;179.16;200.19;https://catalog.onliner.by/platecompactor/edon/cv351100
ID-DL1173;117.20;140.52;https://catalog.onliner.by/drills/edon/dl1173
EA-20/63;483.88;552.28;https://catalog.onliner.by/motobury/edon/ea2063
"ECS405-KA40 14""";179.48;179.48;https://catalog.onliner.by/chainsaw/edon/ecs405ka40
ECS405-SF1800;236.61;258.00;https://catalog.onliner.by/chainsaw/edon/ecs405sf1800
ECS405-SF2400;311.00;311.00;https://catalog.onliner.by/chainsaw/edon/ecs405sf2400
ECS405-1800 1001060108;222.00;278.26;https://catalog.onliner.by/chainsaw/edon/ed24253
AD-12 (с 2-мя АКБ, кейс);120.32;166.79;https://catalog.onliner.by/screwdriver/edon/edad12
AD-18C (с 2-мя АКБ, кейс);136.25;211.00;https://catalog.onliner.by/screwdriver/edon/edad18c
CD-550;512.00;575.30;https://catalog.onliner.by/start_charge/edon/edoncd550
OAF21-LM (с 1-им АКБ);218.74;218.74;https://catalog.onliner.by/trimmers/edon/edonoaf21lm1akb
TB-250;144.46;202.65;https://catalog.onliner.by/weldinginverter/edon/edontb250
EDPL02-4 (с АКБ, с органайзером и набором оснастки);67.00;67.00;https://catalog.onliner.by/screwdriver/edon/edpl0242
ED-VC30P;286.79;391.00;https://catalog.onliner.by/vacuumcleaner/edon/edvc30p
EP-XND180;153.01;230.00;https://catalog.onliner.by/grinder/edon/epxnd180
FCW0.8-1;20.19;78.23;https://catalog.onliner.by/electrode/edon/fcw081
FCW1.0-1;19.44;76.12;https://catalog.onliner.by/electrode/edon/fcw101
GT-630/3700C;218.80;276.99;https://catalog.onliner.by/trimmers/edon/gt6303700c
LLB-21A (c 1 АКБ);224.63;287.05;https://catalog.onliner.by/leafblower/edon/llb21a
MHS-22 (22 предмета);29.33;43.89;https://catalog.onliner.by/tool_kits/edon/mhs22
MHS-45 (45 предметов);89.04;124.43;https://catalog.onliner.by/tool_kits/edon/mhs45
MHS-72 (72 предмета);142.04;210.14;https://catalog.onliner.by/tool_kits/edon/mhs72
MTB-32 (32 предмета);84.09;120.00;https://catalog.onliner.by/tool_kits/edon/mtb32
OAC-50/1500;412.97;495.00;https://catalog.onliner.by/compressor/edon/oac501500
OAF21-WB (без АКБ);110.29;158.74;https://catalog.onliner.by/screwdriver/edon/oaf21wb
PROtech-175-5IQM;293.10;335.00;https://catalog.onliner.by/weldinginverter/edon/protech1755iqm
PT3000;624.40;760.00;https://catalog.onliner.by/powerstations/edon/pt3000
RH-24/950;184.00;222.81;https://catalog.onliner.by/rotaryhammers/edon/rh24950
RH-26/1150;209.82;248.98;https://catalog.onliner.by/rotaryhammers/edon/rh261150
RH-32/1650MV;318.66;395.75;https://catalog.onliner.by/rotaryhammers/edon/rh321650mv
Smart MIG-210;795.01;859.09;https://catalog.onliner.by/weldinginverter/edon/smartmig210
TVZ-2000;109.00;109.00;https://catalog.onliner.by/heat_gun/edon/tvz2000
TVZ-3000;141.00;141.00;https://catalog.onliner.by/heat_gun/edon/tvz3000
URH-21C;356.60;463.21;https://catalog.onliner.by/rotaryhammers/edon/urh21c
VP 210/10;79.35;113.54;https://catalog.onliner.by/pump/edon/vp21010
WM102-7;138.12;188.57;https://catalog.onliner.by/compressor_auto/edon/wm1027
UGG-21A (с 2-мя АКБ, кейс);251.25;256.69;https://catalog.onliner.by/electricspraygun/edon/ugg21a
PRO-16L2K-N1 (с 2-мя АКБ, кейс);115.18;115.18;https://catalog.onliner.by/screwdriver/edon/pro16l2kn1
OAF21-CS (без АКБ);189.07;222.75;https://catalog.onliner.by/electric_saw/edon/1001010610
LIO/OAF21-2.0 (21В/2 Ah);84.00;128.52;https://catalog.onliner.by/tools_accum/edon/1001010615
LIO/OAF21-3.0 Ah (21В/3 Ah);135.19;157.44;https://catalog.onliner.by/tools_accum/edon/1001010616
OAF21-400CB (21В);15.90;73.60;https://catalog.onliner.by/tools_accum/edon/1001010617
OAF21-1100CB (21В);22.19;34.20;https://catalog.onliner.by/tools_accum/edon/1001010618
OAF21-HD 1001010657 (без АКБ);Нет цены;Нет цены;https://catalog.onliner.by/leafblower/edon/1001010657
OAF21-LC (без АКБ);156.99;253.00;https://catalog.onliner.by/hedgetrimmers/edon/1001010658
LIO/OAF21-4.0 Ah (21В/4 Ah);158.00;159.16;https://catalog.onliner.by/tools_accum/edon/1001010710
ED-0810T;293.89;368.49;https://catalog.onliner.by/jackhammer/edon/1001050109
PR-8/1400 1001080295;190.66;252.38;https://catalog.onliner.by/woodrouter/edon/1001080295
EPS-700;107.99;143.61;https://catalog.onliner.by/electricspraygun/edon/1001150106
CV-35/1100 1001170105 (без вибронаконечника);106.95;142.09;https://catalog.onliner.by/platecompactor/edon/1001170105
GCS-16/2400C 1003030102;225.01;225.01;https://catalog.onliner.by/chainsaw/edon/1003030102
GCS-18/2600C 1003030203;216.04;247.33;https://catalog.onliner.by/chainsaw/edon/1003030203
GCS-18/2600B 1003030209;239.13;239.13;https://catalog.onliner.by/chainsaw/edon/1003030209
GCS-20/2800B 1003030316;231.73;231.73;https://catalog.onliner.by/chainsaw/edon/1003030316
OAC-50/2200DS;1014.00;1014.00;https://catalog.onliner.by/compressor/edon/1004010511
RP8037-2 1007010143;26.48;39.37;https://catalog.onliner.by/household_tools/edon/1007010143
PAC-40;50.00;50.00;https://catalog.onliner.by/compressor_auto/edon/1011010211
PAC-55A;76.25;110.74;https://catalog.onliner.by/compressor_auto/edon/1011010212
CNV-35/1.5 1032010103;64.00;88.00;https://catalog.onliner.by/platecompactor/edon/1032010103
CNV-35/4 1032010104;182.83;182.83;https://catalog.onliner.by/platecompactor/edon/1032010104
TCS-255/2000;1036.00;1036.00;https://catalog.onliner.by/woodworking/edon/1039010102
GS-10 1043010102;52.69;82.22;https://catalog.onliner.by/sprayer/edon/1043010102
AGS-16 1049010104;134.21;173.39;https://catalog.onliner.by/sprayer/edon/1049010104
AKM-21 202020100019 (с 1-им АКБ);248.80;270.04;https://catalog.onliner.by/leafblower/edon/202020100019
ИСА-300;329.00;329.00;https://catalog.onliner.by/weldinginverter/edon/210729115932
Smart MIG-180S;454.30;529.05;https://catalog.onliner.by/weldinginverter/edon/213522113903
Smart MIG-180/5;392.76;392.76;https://catalog.onliner.by/weldinginverter/edon/213522113904
Smart MIG-190;593.21;593.21;https://catalog.onliner.by/weldinginverter/edon/213523113910
ASC-28-14-1.0;16.00;20.78;https://catalog.onliner.by/chainsaw_accs/edon/6937888213083
ASC-37-18-1.0;24.26;24.26;https://catalog.onliner.by/chainsaw_accs/edon/6937888213090
UAB-21/2.0 (21В/2 Ач);30.27;40.00;https://catalog.onliner.by/tools_accum/edon/6937888217968
DAH-15000;235.00;298.87;https://catalog.onliner.by/heat_gun/edon/6937888228346
DAH-30000;349.04;522.21;https://catalog.onliner.by/heat_gun/edon/6937888228353
GAH-20000;661.64;661.64;https://catalog.onliner.by/heat_gun/edon/6937888228360
GAH-50000;692.94;702.39;https://catalog.onliner.by/heat_gun/edon/6937888228384
UGT-18CBL (с 2-мя АКБ);292.30;336.06;https://catalog.onliner.by/trimmers/edon/6937888234897
325-72 80210101008;17.32;26.06;https://catalog.onliner.by/chainsaw_accs/edon/80210101008
AAW-21/1000BL (с 2-мя АКБ, кейс);453.20;545.52;https://catalog.onliner.by/screwdriver/edon/aaw211000bl
AD-16A (с 2-мя АКБ, кейс);189.00;189.00;https://catalog.onliner.by/screwdriver/edon/ad16a
AD-24 (с 2-мя АКБ, кейс);272.00;272.00;https://catalog.onliner.by/screwdriver/edon/ad24
AG-125/1000CER;107.83;140.58;https://catalog.onliner.by/angle_grinder/edon/ag1251000cer
AG-125/1000D;109.12;135.39;https://catalog.onliner.by/angle_grinder/edon/ag1251000d
AG-125/1000E;94.82;145.08;https://catalog.onliner.by/angle_grinder/edon/ag1251000e
AG-125/1200CER;111.97;157.08;https://catalog.onliner.by/angle_grinder/edon/ag1251200cer
AG-125/800C;89.25;148.77;https://catalog.onliner.by/angle_grinder/edon/ag125800c
AG125/900;96.09;135.84;https://catalog.onliner.by/angle_grinder/edon/ag125900
AG-125/900C;92.07;125.07;https://catalog.onliner.by/angle_grinder/edon/ag125900c
AG150/1500ER;188.00;188.00;https://catalog.onliner.by/angle_grinder/edon/ag1501500er
AG-180/1800ES;243.00;243.00;https://catalog.onliner.by/angle_grinder/edon/ag1801800es
AG180-AT3128;244.00;244.00;https://catalog.onliner.by/angle_grinder/edon/ag180at3128
AG-230/2800EST;290.00;290.00;https://catalog.onliner.by/angle_grinder/edon/ag2302800est
ASB-4-1-2;7.00;9.27;https://catalog.onliner.by/chainsaw_accs/edon/asb412
AT230-AT6919;285.00;285.00;https://catalog.onliner.by/angle_grinder/edon/at230at6919
BS 533/900;228.57;234.37;https://catalog.onliner.by/grinder/edon/bs533900
CB-20;172.82;246.12;https://catalog.onliner.by/start_charge/edon/cb20
CD-450;412.00;463.33;https://catalog.onliner.by/start_charge/edon/cd450
CF-1201 (с 1-им АКБ);97.79;140.22;https://catalog.onliner.by/screwdriver/edon/cf1201
CM-255/2600;922.00;922.00;https://catalog.onliner.by/electric_saw/edon/cm2552600
CMS-305/2000;1074.85;1294.00;https://catalog.onliner.by/electric_saw/edon/cms3052000
CS-165/1250;205.08;261.37;https://catalog.onliner.by/electric_saw/edon/cs1651250
CS-165/1250C;206.78;261.37;https://catalog.onliner.by/electric_saw/edon/cs1651250c
CS-185-1650;251.00;251.00;https://catalog.onliner.by/electric_saw/edon/cs1851650
CS-235-2350;275.00;275.00;https://catalog.onliner.by/electric_saw/edon/cs2352350
DH-30;982.98;982.98;https://catalog.onliner.by/heat_gun/edon/dh30
DH-GL110A;626.50;711.36;https://catalog.onliner.by/jackhammer/edon/dhgl110a
DH-GL65A;Нет цены;Нет цены;https://catalog.onliner.by/jackhammer/edon/dhgl65a
VP 210/15;89.00;101.47;https://catalog.onliner.by/pump/edon/vp21015
EA-20/52;420.01;491.12;https://catalog.onliner.by/motobury/edon/ea2052
Шнек EAD-250/800;95.00;195.42;https://catalog.onliner.by/motobury/edon/ead250800
CB-40;191.00;191.00;https://catalog.onliner.by/start_charge/edon/ecb40
"ECS405-KA40 18""";364.00;364.00;https://catalog.onliner.by/chainsaw/edon/ecs405ka4018
ECS405-MT8A;335.00;335.00;https://catalog.onliner.by/chainsaw/edon/ecs405mt8a
AST-21/12C 35273 (с 2-мя АКБ);469.60;562.00;https://catalog.onliner.by/snowblower/edon/ed35273
AST-21/14C 35276 (с 2-мя АКБ);553.80;683.00;https://catalog.onliner.by/snowblower/edon/ed35276
ED-8006;80.24;129.14;https://catalog.onliner.by/drills/edon/ed8006
EDL-550R;134.00;134.00;https://catalog.onliner.by/fretsaw/edon/edl550r
EDL-750R;142.79;142.79;https://catalog.onliner.by/fretsaw/edon/edl750r
EDL-950RL;172.00;200.00;https://catalog.onliner.by/fretsaw/edon/edl950rl
ED-M1400D;Нет цены;Нет цены;https://catalog.onliner.by/drills/edon/edm1400d
MF-330;Нет цены;Нет цены;https://catalog.onliner.by/grinder/edon/edmf330
PWM-3/800;82.00;119.40;https://catalog.onliner.by/pipe_welding/edon/edon1001150209
WAB-2000S;88.36;103.64;https://catalog.onliner.by/heat_gun/edon/edon1023010108
WAB-2000R;87.43;134.13;https://catalog.onliner.by/heat_gun/edon/edon1023010109
3/8-52 80210101002;13.44;18.64;https://catalog.onliner.by/chainsaw_accs/edon/edon80210101002
CB-50;187.69;266.79;https://catalog.onliner.by/start_charge/edon/edoncb50
CC-BC10M;198.00;198.00;https://catalog.onliner.by/start_charge/edon/edonccbc10m
CC-BC6M;159.00;159.00;https://catalog.onliner.by/start_charge/edon/edonccbc6m
CD-650;559.00;627.70;https://catalog.onliner.by/start_charge/edon/edoncd650
CS-165-1250;213.15;241.00;https://catalog.onliner.by/electric_saw/edon/edoncs1651250
DGE 300;Нет цены;Нет цены;https://catalog.onliner.by/weldingparts/edon/edondge300
DGE 500;Нет цены;Нет цены;https://catalog.onliner.by/weldingparts/edon/edondge500
ED-D75;10.31;70.64;https://catalog.onliner.by/household_tools/edon/edonedd75
ET-1200;190.85;263.35;https://catalog.onliner.by/trimmers/edon/edonet1200
ET-1700;215.35;251.00;https://catalog.onliner.by/trimmers/edon/edonet1700
OAF21-LM (без АКБ);161.06;199.21;https://catalog.onliner.by/trimmers/edon/edonoaf21lm
EDP-1000T;116.00;116.00;https://catalog.onliner.by/pipe_welding/edon/edp1000t
EDP-2000T;175.00;175.00;https://catalog.onliner.by/pipe_welding/edon/edp2000t
EDR1100-110;228.76;286.41;https://catalog.onliner.by/plane/edon/edr1100110
EDR750-82;120.53;176.39;https://catalog.onliner.by/plane/edon/edr75082
ED-S100;22.00;78.46;https://catalog.onliner.by/household_tools/edon/eds100
ED-VC20P;357.00;357.00;https://catalog.onliner.by/vacuumcleaner/edon/edvc20p2022
EPS-550;93.00;132.88;https://catalog.onliner.by/electricspraygun/edon/eps550
ET-2000E;280.00;280.00;https://catalog.onliner.by/trimmers/edon/et2000e
FCW0.8-5;85.31;85.31;https://catalog.onliner.by/electrode/edon/fcw085
FCW1.0-5;Нет цены;Нет цены;https://catalog.onliner.by/electrode/edon/fcw105
GCS-16/2400;225.01;285.18;https://catalog.onliner.by/chainsaw/edon/gcs162400
GCS-18/2600;296.79;297.92;https://catalog.onliner.by/chainsaw/edon/gcs182600
GCS-20/2800;335.84;335.84;https://catalog.onliner.by/chainsaw/edon/gcs202800
GM-200/430;241.00;241.00;https://catalog.onliner.by/benchgrinder/edon/gm200430
GT-520/3000;268.30;295.41;https://catalog.onliner.by/trimmers/edon/gt5203000
GT-630/3700;344.41;344.41;https://catalog.onliner.by/trimmers/edon/gt6303700
H827B-HVLP;81.00;81.00;https://catalog.onliner.by/spraygun/edon/h827bhvlp
HAG-520;82.00;82.00;https://catalog.onliner.by/industrialdryer/edon/hag520
HAG-520T;91.31;101.00;https://catalog.onliner.by/industrialdryer/edon/hag520t
HAG-6618;124.94;194.32;https://catalog.onliner.by/industrialdryer/edon/hag6618
JS-100/950RL;147.56;203.95;https://catalog.onliner.by/fretsaw/edon/js100950rl
JS-65/550R;76.25;126.84;https://catalog.onliner.by/fretsaw/edon/js65550r
JS-85/750R;124.99;164.78;https://catalog.onliner.by/fretsaw/edon/js85750r
LV-200S;270.30;294.00;https://catalog.onliner.by/weldinginverter/edon/lv200s
LV-220;163.34;264.05;https://catalog.onliner.by/weldinginverter/edon/lv220
LV-220S;329.22;345.27;https://catalog.onliner.by/weldinginverter/edon/lv220s
MS-HM9085;851.00;851.00;https://catalog.onliner.by/electric_saw/edon/mshm9085
MTB-12 (12 предметов);Нет цены;Нет цены;https://catalog.onliner.by/tool_kits/edon/mtb12
MTB-82 (82 предмета);150.29;223.93;https://catalog.onliner.by/tool_kits/edon/mtb82
NAC-25/1000;401.00;485.74;https://catalog.onliner.by/compressor/edon/nac251000
OAC-100/2400 1004010601;1220.20;1521.00;https://catalog.onliner.by/compressor/edon/oac1002400
OAC-100/2400TS;1312.80;1449.28;https://catalog.onliner.by/compressor/edon/oac1002400ts
OAC-100/2400YS;1138.50;1256.07;https://catalog.onliner.by/compressor/edon/oac1002400ys
OAC-25/1000;347.14;418.43;https://catalog.onliner.by/compressor/edon/oac251000
OAC-50/2200D;741.00;900.90;https://catalog.onliner.by/compressor/edon/oac502200d
OAF21-2400CB 1001010621 (21В);39.30;61.44;https://catalog.onliner.by/tools_accum/edon/oaf212400cb
OAF21-JB (без АКБ);Нет цены;Нет цены;https://catalog.onliner.by/fretsaw/edon/oaf21jb
PROtech FCW1.0-1;26.32;26.32;https://catalog.onliner.by/electrode/edon/protechfcw101
PT-4000C;1664.00;1664.00;https://catalog.onliner.by/powerstations/edon/pt4000c
PW-130/2250;465.78;530.71;https://catalog.onliner.by/washers/edon/pw1302250
PW-90/1450;232.51;291.23;https://catalog.onliner.by/washers/edon/pw901450
QM-1009ST (с 2-мя АКБ, кейс);325.00;325.00;https://catalog.onliner.by/screwdriver/edon/qm1009st
R-500;144.00;144.00;https://catalog.onliner.by/spraygun/edon/r500lvlp
RD-CS200-65S;349.00;349.00;https://catalog.onliner.by/electric_saw/edon/rdcs20065s
RH-26/1150A;232.08;308.76;https://catalog.onliner.by/rotaryhammers/edon/rh261150a
RH-26/1250MV;262.48;334.34;https://catalog.onliner.by/rotaryhammers/edon/rh261250mv
RH-28/1450MV;257.70;363.49;https://catalog.onliner.by/rotaryhammers/edon/rh281450mv
RS-1050;171.81;206.77;https://catalog.onliner.by/electric_saw/edon/rs1050
TVP-2000;101.00;101.00;https://catalog.onliner.by/heat_gun/edon/tvp2000
TVP-3000;128.00;128.00;https://catalog.onliner.by/heat_gun/edon/tvp3000
UAG-21/125BL ( с 1-им АКБ);318.70;318.70;https://catalog.onliner.by/angle_grinder/edon/uag21125bl
UAW-21/300BL (с 1-им АКБ, кейс);404.86;404.86;https://catalog.onliner.by/screwdriver/edon/uaw21300bl
VP 300/10;83.23;117.63;https://catalog.onliner.by/pump/edon/vp30010
VP 300/25;104.48;156.87;https://catalog.onliner.by/pump/edon/vp30025
WM102-2;74.95;109.16;https://catalog.onliner.by/compressor_auto/edon/wm1022
WW0.8-5;47.72;69.54;https://catalog.onliner.by/electrode/edon/ww085
WW1.0-5;52.16;58.53;https://catalog.onliner.by/electrode/edon/ww105
DL-1173;122.57;157.53;https://catalog.onliner.by/drills/edon/edl1173
12–2000GT (с 2-мя АКБ);99.00;114.26;https://catalog.onliner.by/trimmers/edon/122000gt
AG125/900R;111.91;111.91;https://catalog.onliner.by/angle_grinder/edon/ag125900r
VP 300/40D;143.37;147.00;https://catalog.onliner.by/pump/edon/vp30040d
VP 300/40;141.12;144.00;https://catalog.onliner.by/pump/edon/vp30040
UST-21/14 (с 1-им АКБ);937.56;937.56;https://catalog.onliner.by/snowblower/edon/ust2114
UST-21/10 (с 1-им АКБ);676.07;676.07;https://catalog.onliner.by/snowblower/edon/ust2110
APS-21A (с 2-мя АКБ, кейс);Нет цены;Нет цены;https://catalog.onliner.by/hedgetrimmers/edon/6937888236792
HP-WG24 (с 1-им АКБ);Нет цены;Нет цены;https://catalog.onliner.by/washers/edon/202040300001
OAF21-AG (с 1-им АКБ);Нет цены;Нет цены;https://catalog.onliner.by/angle_grinder/edon/10010106283
ACS-18/4 (с 2-мя АКБ);Нет цены;Нет цены;https://catalog.onliner.by/chainsaw/edon/acs184
ACS-18/6 (с 2-мя АКБ);Нет цены;Нет цены;https://catalog.onliner.by/chainsaw/edon/acs186
AD-12AUN (с 2-мя АКБ, кейс);Нет цены;Нет цены;https://catalog.onliner.by/screwdriver/edon/ad12aun
OAF21-AG (с 2-мя АКБ);Нет цены;Нет цены;https://catalog.onliner.by/angle_grinder/edon/oaf21ag22a
OAF21-RS (без АКБ);Нет цены;Нет цены;https://catalog.onliner.by/electric_saw/edon/1001010611
CF-1405;Нет цены;Нет цены;https://catalog.onliner.by/screwdriver/edon/cf1405
MTB-24 (24 предмета);Нет цены;Нет цены;https://catalog.onliner.by/tool_kits/edon/mtb24
PROtech-210;Нет цены;Нет цены;https://catalog.onliner.by/weldinginverter/edon/protech210
UNS-21C (с 2-мя АКБ);Нет цены;Нет цены;https://catalog.onliner.by/chainsaw/edon/uns21c2
AD-12 + AG-125/800 (шуруповерт, болгарка);Нет цены;Нет цены;https://catalog.onliner.by/powertoolset/edon/ad12ag125800
OAF21-JB (с 1-им АКБ);Нет цены;Нет цены;https://catalog.onliner.by/fretsaw/edon/10010106063
OAF21-F (без АКБ);Нет цены;Нет цены;https://catalog.onliner.by/lights/edon/1001010607
OAF21-F (с 1-им АКБ);Нет цены;Нет цены;https://catalog.onliner.by/lights/edon/10010106073
OAF21-CSL (без АКБ);Нет цены;Нет цены;https://catalog.onliner.by/electric_saw/edon/1001010609
OAF21-CSL (с 1-им АКБ);Нет цены;Нет цены;https://catalog.onliner.by/electric_saw/edon/10010106093
OAF21-CSL (с 2-мя АКБ);Нет цены;Нет цены;https://catalog.onliner.by/electric_saw/edon/10010106096
OAF21-CS (с 1-им АКБ);Нет цены;Нет цены;https://catalog.onliner.by/electric_saw/edon/10010106103
OAF21-MT (с 1-им АКБ 2 Ah);Нет цены;Нет цены;https://catalog.onliner.by/grinder/edon/10010106122
OAF21-MT (с 1-им АКБ);Нет цены;Нет цены;https://catalog.onliner.by/grinder/edon/10010106123
OAF21-VC 1001010613 (без АКБ);Нет цены;Нет цены;https://catalog.onliner.by/grinder/edon/1001010613
OAF21-VC 1001010613/2 (с 1-им АКБ 2 Ah);Нет цены;Нет цены;https://catalog.onliner.by/grinder/edon/10010106132
OAF21-VC 1001010613/3 (с 1-им АКБ 3 Ah);Нет цены;Нет цены;https://catalog.onliner.by/grinder/edon/10010106133
OAF21-HD 1001010657-3 (с 1-им АКБ 3 Ah);Нет цены;Нет цены;https://catalog.onliner.by/leafblower/edon/10010106573
OAF21-HD 1001010657-4 (с 1-им АКБ 4 Ah);Нет цены;Нет цены;https://catalog.onliner.by/leafblower/edon/10010106574
OAF21-LC (с 1-им АКБ 3 Ah);Нет цены;Нет цены;https://catalog.onliner.by/hedgetrimmers/edon/10010106583
OAF21-LC (с 1-им АКБ 4 Ah);Нет цены;Нет цены;https://catalog.onliner.by/hedgetrimmers/edon/10010106584
AD-18 1002010507 (с 2-мя АКБ, кейс, набор оснастки);Нет цены;Нет цены;https://catalog.onliner.by/screwdriver/edon/1002010507
RP8033-1 1007010121;Нет цены;Нет цены;https://catalog.onliner.by/household_tools/edon/1007010121
AD-18CUN (с 2-мя АКБ, кейс);Нет цены;Нет цены;https://catalog.onliner.by/screwdriver/edon/202020100004
AD-18AP (с 2-мя АКБ, кейс);Нет цены;Нет цены;https://catalog.onliner.by/screwdriver/edon/202020300001
AD-18 202020300033 (с 2-мя АКБ, кейс, набор оснастки);Нет цены;Нет цены;https://catalog.onliner.by/screwdriver/edon/202020300033
TB-200D;Нет цены;Нет цены;https://catalog.onliner.by/weldinginverter/edon/210724111946
TB-250D;Нет цены;Нет цены;https://catalog.onliner.by/weldinginverter/edon/210727113962
Smart MIG-205;Нет цены;Нет цены;https://catalog.onliner.by/weldinginverter/edon/213524117923
AD-18C (18В/2 Ah);Нет цены;Нет цены;https://catalog.onliner.by/tools_accum/edon/400201010007
ASB-6-1-2;Нет цены;Нет цены;https://catalog.onliner.by/chainsaw_accs/edon/400801150021
WP-80;Нет цены;Нет цены;https://catalog.onliner.by/motopump/edon/6937888207389
ACS-18/6 (с 2-мя АКБ, кейс, оснастка);Нет цены;Нет цены;https://catalog.onliner.by/chainsaw/edon/6937888225390
7445-1/2;Нет цены;Нет цены;https://catalog.onliner.by/wrench/edon/744512
325-64 80210101007;Нет цены;Нет цены;https://catalog.onliner.by/chainsaw_accs/edon/80210101007
UCS-21/25BL (21В/4 Ah);Нет цены;Нет цены;https://catalog.onliner.by/tools_accum/edon/80210101023
Mini-200S;Нет цены;Нет цены;https://catalog.onliner.by/weldinginverter/edon/9110000001
990G;Нет цены;Нет цены;https://catalog.onliner.by/spraygun/edon/990g
990S;Нет цены;Нет цены;https://catalog.onliner.by/spraygun/edon/990s
AD-18CP (с 2-мя АКБ, кейс);Нет цены;Нет цены;https://catalog.onliner.by/screwdriver/edon/ad18cp
AD-21AP (с 2-мя АКБ, кейс);Нет цены;Нет цены;https://catalog.onliner.by/screwdriver/edon/ad21ap
AG-230/2400EST;Нет цены;Нет цены;https://catalog.onliner.by/angle_grinder/edon/ag2302400est
Black-207;Нет цены;Нет цены;https://catalog.onliner.by/weldinginverter/edon/black207
Black-207 + RB 4300;Нет цены;Нет цены;https://catalog.onliner.by/weldinginverter/edon/black207a
Black-257 + RB 4300;Нет цены;Нет цены;https://catalog.onliner.by/weldinginverter/edon/black257a
CF-1202;Нет цены;Нет цены;https://catalog.onliner.by/screwdriver/edon/cf1202
CF-1205 (с 2-мя АКБ);Нет цены;Нет цены;https://catalog.onliner.by/screwdriver/edon/cf1205
CF 1805;Нет цены;Нет цены;https://catalog.onliner.by/screwdriver/edon/cf1805
EDCG-520;Нет цены;Нет цены;https://catalog.onliner.by/trimmers/edon/cg520
CS-AND 185;Нет цены;Нет цены;https://catalog.onliner.by/electric_saw/edon/csand185
DH-GL95A;Нет цены;Нет цены;https://catalog.onliner.by/jackhammer/edon/dhgl95a
DL-1136;Нет цены;Нет цены;https://catalog.onliner.by/drills/edon/dl1136
DL-1137;Нет цены;Нет цены;https://catalog.onliner.by/drills/edon/dl1137
DL-1153;Нет цены;Нет цены;https://catalog.onliner.by/drills/edon/dl1153
DS-350;Нет цены;Нет цены;https://catalog.onliner.by/screwdriver/edon/ds350
DS-450;Нет цены;Нет цены;https://catalog.onliner.by/screwdriver/edon/ds450
Шнек EAD-100/800;Нет цены;Нет цены;https://catalog.onliner.by/motobury/edon/ead100800
Шнек EAD-150/800;Нет цены;Нет цены;https://catalog.onliner.by/motobury/edon/ead150800
Шнек EAD-200/800;Нет цены;Нет цены;https://catalog.onliner.by/motobury/edon/ead200800
Шнек EAD-80/800;Нет цены;Нет цены;https://catalog.onliner.by/motobury/edon/ead80800
EADE-1000;Нет цены;Нет цены;https://catalog.onliner.by/motobury/edon/eade1000
EADE-500;Нет цены;Нет цены;https://catalog.onliner.by/motobury/edon/eade500
ECS405-KA30;Нет цены;Нет цены;https://catalog.onliner.by/chainsaw/edon/ecs405ka30
"ECS405-MT200 14""";Нет цены;Нет цены;https://catalog.onliner.by/chainsaw/edon/ecs405mt20014
"ECS405-MT200 16""";Нет цены;Нет цены;https://catalog.onliner.by/chainsaw/edon/ecs405mt20016
"ECS405-MT200 18""";Нет цены;Нет цены;https://catalog.onliner.by/chainsaw/edon/ecs405mt20018
ED-1002B;Нет цены;Нет цены;https://catalog.onliner.by/angle_grinder/edon/ed1002b
ED-1005B;Нет цены;Нет цены;https://catalog.onliner.by/angle_grinder/edon/ed1005b
ED-1029B;Нет цены;Нет цены;https://catalog.onliner.by/angle_grinder/edon/ed1029b
ED-1050;Нет цены;Нет цены;https://catalog.onliner.by/screwdriver/edon/ed1050
ED-1280;Нет цены;Нет цены;https://catalog.onliner.by/screwdriver/edon/ed1280
ED-1801;Нет цены;Нет цены;https://catalog.onliner.by/angle_grinder/edon/ed1801
ED-2403;Нет цены;Нет цены;https://catalog.onliner.by/rotaryhammers/edon/ed2403
ED-2603;Нет цены;Нет цены;https://catalog.onliner.by/rotaryhammers/edon/ed2603
AD-14 (с 2-мя АКБ);Нет цены;Нет цены;https://catalog.onliner.by/screwdriver/edon/edad14
EDB-5220;Нет цены;Нет цены;https://catalog.onliner.by/chainsaw/edon/edb5220e
EDC-5216;Нет цены;Нет цены;https://catalog.onliner.by/chainsaw/edon/edc5216
EDC-5218;Нет цены;Нет цены;https://catalog.onliner.by/chainsaw/edon/edc5218
EDC-5220;Нет цены;Нет цены;https://catalog.onliner.by/chainsaw/edon/edc5220
EDL-550;Нет цены;Нет цены;https://catalog.onliner.by/fretsaw/edon/edl550
EDL-850R;Нет цены;Нет цены;https://catalog.onliner.by/fretsaw/edon/edl850r
ED-M1400;Нет цены;Нет цены;https://catalog.onliner.by/drills/edon/edm1400
PWM-4/1200;Нет цены;Нет цены;https://catalog.onliner.by/pipe_welding/edon/edon1001150208
ED-M/1600DD;Нет цены;Нет цены;https://catalog.onliner.by/drills/edon/edon1019010401
8016;Нет цены;Нет цены;https://catalog.onliner.by/nailer/edon/edon8016
AD-18 (с 2-мя АКБ, кейс);Нет цены;Нет цены;https://catalog.onliner.by/screwdriver/edon/edonad18
AD-24 Р (с 2-мя АКБ, кейс);Нет цены;Нет цены;https://catalog.onliner.by/screwdriver/edon/edonad24p
ED-1100;Нет цены;Нет цены;https://catalog.onliner.by/screwdriver/edon/edoned1100
ED3000;Нет цены;Нет цены;https://catalog.onliner.by/powerstations/edon/edoned3000
ИСА-250;Нет цены;Нет цены;https://catalog.onliner.by/weldinginverter/edon/edonisa250
ED-VC20P (2018);Нет цены;Нет цены;https://catalog.onliner.by/vacuumcleaner/edon/edvc20p
САИ-300;Нет цены;Нет цены;https://catalog.onliner.by/weldinginverter/edon/esai300
H827;Нет цены;Нет цены;https://catalog.onliner.by/spraygun/edon/h827
H827-D;Нет цены;Нет цены;https://catalog.onliner.by/spraygun/edon/h827d
LV-250;Нет цены;Нет цены;https://catalog.onliner.by/weldinginverter/edon/lv250
LV-250S;Нет цены;Нет цены;https://catalog.onliner.by/weldinginverter/edon/lv250s
MCN90;Нет цены;Нет цены;https://catalog.onliner.by/nailer/edon/mcn90
MHS-43 (43 предмета);Нет цены;Нет цены;https://catalog.onliner.by/tool_kits/edon/mhs43
MTB-108 (108 предметов);Нет цены;Нет цены;https://catalog.onliner.by/tool_kits/edon/mtb108
MTB-94 (94 предмета);Нет цены;Нет цены;https://catalog.onliner.by/tool_kits/edon/mtb94
NAC-100/2400X3;Нет цены;Нет цены;https://catalog.onliner.by/compressor/edon/nac1002400x3
NAC-50/1200X1;Нет цены;Нет цены;https://catalog.onliner.by/compressor/edon/nac501200x1
NAC-50/1200X2;Нет цены;Нет цены;https://catalog.onliner.by/compressor/edon/nac501200x2
OAF21-CS (с 2-мя АКБ);Нет цены;Нет цены;https://catalog.onliner.by/electric_saw/edon/oaf21cs
OAF21-CS/1-2A (с 1-им АКБ);Нет цены;Нет цены;https://catalog.onliner.by/electric_saw/edon/oaf21cs12a
OAF21-CS/2-2A (с 2-мя АКБ);Нет цены;Нет цены;https://catalog.onliner.by/electric_saw/edon/oaf21cs22a
OAF21-CSL/2-2A (с 2-мя АКБ 2Ah);Нет цены;Нет цены;https://catalog.onliner.by/electric_saw/edon/oaf21csl22a
OAF21-CSL (с 1-им АКБ 2Ah);Нет цены;Нет цены;https://catalog.onliner.by/electric_saw/edon/oaf21csl2ah
OAF21-JB (с 1-им АКБ 2Ah);Нет цены;Нет цены;https://catalog.onliner.by/fretsaw/edon/oaf21jb12a
OAF21-JB (с 2-мя АКБ 2Ah);Нет цены;Нет цены;https://catalog.onliner.by/fretsaw/edon/oaf21jb22a
OAF21-LM/1-2A (с 1-им АКБ 2 Ач);Нет цены;Нет цены;https://catalog.onliner.by/trimmers/edon/oaf21lm12a
OAF21-LM/2-2A (с 2-мя АКБ 2 Ач);Нет цены;Нет цены;https://catalog.onliner.by/trimmers/edon/oaf21lm22a
OAF21-MT (без АКБ);Нет цены;Нет цены;https://catalog.onliner.by/grinder/edon/oaf21mt
OAF21-MT (с 2-мя АКБ 2 Ah);Нет цены;Нет цены;https://catalog.onliner.by/grinder/edon/oaf21mt22a
OAF21-RS (с 1-им АКБ);Нет цены;Нет цены;https://catalog.onliner.by/electric_saw/edon/oaf21rs
P-CS235-85;Нет цены;Нет цены;https://catalog.onliner.by/electric_saw/edon/pcs23585
PROtech-175IQM;Нет цены;Нет цены;https://catalog.onliner.by/weldinginverter/edon/protech175iqm
PROtech-185;Нет цены;Нет цены;https://catalog.onliner.by/weldinginverter/edon/protech185
PT-5000C;Нет цены;Нет цены;https://catalog.onliner.by/powerstations/edon/pt5000c
PT6000K;Нет цены;Нет цены;https://catalog.onliner.by/powerstations/edon/pt6000k
PT950;Нет цены;Нет цены;https://catalog.onliner.by/powerstations/edon/pt950
PT-RWD3300A;Нет цены;Нет цены;https://catalog.onliner.by/powerstations/edon/ptrwd3300a
PT-RWD6000A;Нет цены;Нет цены;https://catalog.onliner.by/powerstations/edon/ptrwd6000a
PT-RWD9000A;Нет цены;Нет цены;https://catalog.onliner.by/powerstations/edon/ptrwd9000a
PW-150/2650;Нет цены;Нет цены;https://catalog.onliner.by/washers/edon/pw1502650
QM-1006S (с 2-мя АКБ);Нет цены;Нет цены;https://catalog.onliner.by/screwdriver/edon/qm1006s
QM-1008S (с 2-мя АКБ, кейс);Нет цены;Нет цены;https://catalog.onliner.by/screwdriver/edon/qm1008s
QM-1009S (с 2-мя АКБ, кейс);Нет цены;Нет цены;https://catalog.onliner.by/screwdriver/edon/qm1009s
R-CS235-85;Нет цены;Нет цены;https://catalog.onliner.by/electric_saw/edon/rcs23585
RP7311-6;Нет цены;Нет цены;https://catalog.onliner.by/pneumogrinder/edon/rp73116
RP7451-1/2;Нет цены;Нет цены;https://catalog.onliner.by/wrench/edon/rp745112
RP7808-1/2;Нет цены;Нет цены;https://catalog.onliner.by/wrench/edon/rp780812
RP7809H;Нет цены;Нет цены;https://catalog.onliner.by/jackhammer/edon/rp7809h
RP7814;Нет цены;Нет цены;https://catalog.onliner.by/pneumogrinder/edon/rp7814
Smart MIG-190 (евро разъем);Нет цены;Нет цены;https://catalog.onliner.by/weldinginverter/edon/smartmig190
T64C;Нет цены;Нет цены;https://catalog.onliner.by/nailer/edon/t64c
TB-200;Нет цены;Нет цены;https://catalog.onliner.by/weldinginverter/edon/tb200
UAD-21BL (с 1-м АКБ, кейс);Нет цены;Нет цены;https://catalog.onliner.by/screwdriver/edon/uad21bl
UCS-21/25BL (с 1-м АКБ);Нет цены;Нет цены;https://catalog.onliner.by/chainsaw/edon/ucs2125bl
UNS-21C (с 1-м АКБ);Нет цены;Нет цены;https://catalog.onliner.by/chainsaw/edon/uns21c
Z1C-30;Нет цены;Нет цены;https://catalog.onliner.by/rotaryhammers/edon/z1c30
Z1C-38M;Нет цены;Нет цены;https://catalog.onliner.by/rotaryhammers/edon/z1c38m
Z1C-ED-26L;Нет цены;Нет цены;https://catalog.onliner.by/rotaryhammers/edon/ziced26l
Z1C-ED-26P;Нет цены;Нет цены;https://catalog.onliner.by/rotaryhammers/edon/ziced26p
CS-185-1700CL;Нет цены;Нет цены;https://catalog.onliner.by/electric_saw/edon/cs1851700cl
Эдон (бежевый);Нет цены;Нет цены;https://catalog.onliner.by/office_chair/woodville/woodedonbezevyj
NV 212 с увеличенной площадкой 2x3 ступеней;152.40;208.31;https://catalog.onliner.by/stairandladder/zavodnv/2120203
NV 212 с увеличенной площадкой 2x4 ступеней;197.40;248.98;https://catalog.onliner.by/stairandladder/zavodnv/2120204
Summerfunk Blue 55 см (с увеличением, 4 колеса);499.00;499.00;https://catalog.onliner.by/suitcase/american_tourist/78g41003
Убить пересмешника;14.67;14.67;https://catalog.onliner.by/books/act/9785171047214
№12 Invisible XXL увеличенного размера (12 шт);41.54;41.54;https://catalog.onliner.by/condoms/durex/dure468001239069
УБАТ2-1.5/230 Б Е З;200.00;272.23;https://catalog.onliner.by/heater/elboom/ubat215230bez
КСку стальной увеличенная трапеция;24.00;24.00;https://catalog.onliner.by/carabiners/ringufa/0489821
NV 212 с увеличенной площадкой 2x2 ступени;126.22;137.84;https://catalog.onliner.by/stairandladder/zavodnv/2120202
NV 212 с увеличенной площадкой 2x5 ступеней;213.72;284.98;https://catalog.onliner.by/stairandladder/zavodnv/2120205
NV 212 с увеличенной площадкой 2x6 ступеней;241.52;276.12;https://catalog.onliner.by/stairandladder/zavodnv/2120206
УВ-2;85.00;161.50;https://catalog.onliner.by/humidifier/resanta/26773
Summerfunk Black 55 см (с увеличением, 4 колеса);499.00;499.00;https://catalog.onliner.by/suitcase/american_tourist/78g09003
90002;51.00;51.00;https://catalog.onliner.by/condoms/labbioritm/90002ko
90003;Нет цены;Нет цены;https://catalog.onliner.by/condoms/labbioritm/90003ko
90005;34.00;34.00;https://catalog.onliner.by/condoms/labbioritm/90005
90006;34.00;34.00;https://catalog.onliner.by/condoms/labbioritm/90006ko
Убить Сталина. Реальные истории покушений (Гаспарян А.);Нет цены;Нет цены;https://catalog.onliner.by/books/piterbook/9785001168485
Уважаемый варвар. Книга 4 (Де Камп Лайон);32.86;32.86;https://catalog.onliner.by/books/domitoriy/9785005801951
Маркетинг для немаркетологов. Руководство по созданию успешных маркетинговых стратегий и увеличению прибыли;27.16;40.34;https://catalog.onliner.by/books/eksmo/9785041207007
Убить легко (Кристи Агата);12.47;12.47;https://catalog.onliner.by/books/eksmo/9785041211387
Ваш ребенок знает лучше! Как построить отношения в семье на доверии, любви и уважении (Еспер Юуль);17.80;17.80;https://catalog.onliner.by/books/eksmo/9785041560546
Любовь и уважение. Как научиться понимать свою вторую половину и обрести гармонию в отношениях (нов. оф.);21.07;30.48;https://catalog.onliner.by/books/eksmo/9785041619541
Принципы уверенного общения. Говори так, чтобы слушали, действуй так, чтобы уважали (Лэс Гиблин);9.72;9.72;https://catalog.onliner.by/books/eksmo/9785041719234
Тринадцать способов убить Лалабелль Рок 9785041962715 (Вулф М.);16.24;16.24;https://catalog.onliner.by/books/eksmo/9785041962715
Убить пересмешника… 978-5-17-083520-1;24.96;24.96;https://catalog.onliner.by/books/act/9785170835201
Instagram. Секрет успеха ZT PRO. От А до Я в продвижении (Уварова Екатерина Дмитриевна/Якимов Евгений Павлович);17.96;29.01;https://catalog.onliner.by/books/act/9785171055875
Прокляты и убиты 978-5-17-108117-1 (Астафьев Виктор Петрович);17.20;19.68;https://catalog.onliner.by/books/act/9785171081171
Расколотое королевство (Уатт Эрин);18.49;18.49;https://catalog.onliner.by/books/act/9785171112264
Прокляты и убиты 978-5-17-112574-5 (Астафьев Виктор Петрович);12.59;12.59;https://catalog.onliner.by/books/act/9785171125745
Виагра для бизнеса: 16 шагов по увеличению прибыли с помощью маркетинга (Коронкевич Марта);18.83;30.42;https://catalog.onliner.by/books/act/9785171167967
Нэнси Дрю. Секретные файлы. Секреты могут убить. Убийство на льду. Смертельное желание (Кин Кэролайн);18.39;18.39;https://catalog.onliner.by/books/act/9785171272012
Ты убит, Стас Шутов (Фрей Эли);16.24;16.24;https://catalog.onliner.by/books/act/9785171453992
Убить демона, спасти короля (Платунова Анна Сергеевна);19.49;19.49;https://catalog.onliner.by/books/act/9785171493684
Бумажная принцесса (Уатт Э.);18.88;20.30;https://catalog.onliner.by/books/act/9785171573089
Смерть с уведомлением (Грубер Андреас);49.91;49.91;https://catalog.onliner.by/books/cnpol/9785227098238
Убить Короля (Дациери С.);10.16;10.16;https://catalog.onliner.by/books/azbuka/9785389192423
Прокляты и убиты (Астафьев В.);21.08;21.08;https://catalog.onliner.by/books/veche/9785448436123
Замуж за миллионера (Уварова Елена);41.97;41.97;https://catalog.onliner.by/books/delibri/9785449115782
Вторая жизнь Уве 9785905891977 (Бакман Ф.);44.00;49.38;https://catalog.onliner.by/books/sinbad/9785905891977
Торговый хаос. Увеличение прибыли (Вильямс Б., Грегори-Вильямс Д.);36.48;52.70;https://catalog.onliner.by/books/alpinadidg/9785907274990
Как фиксировать прибыль, ограничивать убытки (Элдер А.);67.25;67.25;https://catalog.onliner.by/books/alpinadidg/9785961469233
Пора зарабатывать больше! Как постоянно увеличивать доходы (Шефер Б.);40.23;40.23;https://catalog.onliner.by/books/popurri/9789851537453
Уважительная причина (Рццини М., Зампетти Б.);31.53;31.53;https://catalog.onliner.by/books/popurri/9789851553873
Лист Цейлона Ува черный 100 г;10.63;10.63;https://catalog.onliner.by/tea/basilur/basilistcejlonau
Семейные ценности. Уважение к старшим (Ульева Е.);11.48;11.48;https://catalog.onliner.by/books/cleverb/clev978500211381
Dop8 6.06.00 (зеленое яблоко/желтый);28.22;36.08;https://catalog.onliner.by/kidwallbars/romana/dop860600
Dop8 6.06.00-01 (матовый черный);28.22;36.08;https://catalog.onliner.by/kidwallbars/romana/dop86060001
Dop9 6.06.01 (зеленое яблоко/желтый);173.72;173.72;https://catalog.onliner.by/kidwallbars/romana/dop960601
№3 Invisible XXL увеличенного размера (3 шт);16.05;16.05;https://catalog.onliner.by/condoms/durex/dure468001239067
ЭВ1-УБАТ1-2,0/230 БЕ;345.54;435.07;https://catalog.onliner.by/heater/elboom/ev1ubar120230be
С увеличенным индексом 002pf;Нет цены;Нет цены;https://catalog.onliner.by/boardgame/fbgames/fi002pf
Соты 3 ячейки увеличенные 370677m;16.19;25.16;https://catalog.onliner.by/serving/guterbaum/gute370677m
44054;53.00;53.00;https://catalog.onliner.by/condoms/hot/hot44054
Уважаемый господин дурак (Эндо Сюсаку);22.72;22.72;https://catalog.onliner.by/books/inspiria/insp978504196894
Увеличенные Din 9021 M10 KR-01-3533-006 (50шт);14.00;64.39;https://catalog.onliner.by/nuts_washers/kranz/krankr013533006
Увеличенные Din 9021 M12 KR-01-3533-007 (25шт);14.00;64.57;https://catalog.onliner.by/nuts_washers/kranz/krankr013533007
Почет и уважение врачам 40x40plat194;20.00;31.65;https://catalog.onliner.by/pillows/printstyle/prin40x40plat194
УВ-3;95.00;217.07;https://catalog.onliner.by/humidifier/resanta/res6771
УВ-4;108.00;181.96;https://catalog.onliner.by/humidifier/resanta/res6772
Утро Востока УВ-300;41.60;43.91;https://catalog.onliner.by/teapot/tima/timayv300
Утро Востока УВ-300с;42.30;55.61;https://catalog.onliner.by/teapot/tima/timayv300s
Утро Востока УВ-300сб;45.20;58.77;https://catalog.onliner.by/teapot/tima/timayv300sb
Утро Востока УВ-420с;47.50;72.55;https://catalog.onliner.by/teapot/tima/timayv420
Утро Востока УВ-420сб;68.73;71.40;https://catalog.onliner.by/teapot/tima/timayv420sb
УБАТ2-0.8/230 Б Е З;197.62;239.58;https://catalog.onliner.by/heater/elboom/ubat208230bez
УБАТ2-1.0/230 Б Е З;185.00;263.83;https://catalog.onliner.by/heater/elboom/ubat210230bez
УБАТ2-1.3/230 Б Е З;217.19;263.50;https://catalog.onliner.by/heater/elboom/ubat213230bez
УБАТ2-2.0/230 Б Е З;236.00;304.42;https://catalog.onliner.by/heater/elboom/ubatelboom220230
Утро Востока УВ-180;Нет цены;Нет цены;https://catalog.onliner.by/teapot/tima/yvost180
Minifigures 40649 Увеличенная минифигурка LEGO;491.00;558.11;https://catalog.onliner.by/buildingkit/lego/40649minifigures
24 СБ2-УВ1/Ч (черный);45.00;55.31;https://catalog.onliner.by/linendryer/nika_vendor/sb2uv1ch
24 СБ2-УВ1/С (серебристый);45.00;55.31;https://catalog.onliner.by/linendryer/nika_vendor/sb2uv1s
22 СБ1-УВ1/С (серебристый);43.09;52.85;https://catalog.onliner.by/linendryer/nika_vendor/sb1uv1s
24 СБ2-УВ1/Б (белый);45.00;55.31;https://catalog.onliner.by/linendryer/nika_vendor/sb2uv1b
22 СБ1-УВ1/Б (белый);43.09;52.87;https://catalog.onliner.by/linendryer/nika_vendor/sb1uv1w
Коллагеновый увеличение объема тонких волос 200 мл;Нет цены;Нет цены;https://catalog.onliner.by/haircare/loshadinaja_lin/11068893
Шампунь для увеличения объема волос Full Volume 1000 мл;Нет цены;Нет цены;https://catalog.onliner.by/haircare/lendan/1154021
Кондиционер для увеличения объема волос Full Volume 150 мл;Нет цены;Нет цены;https://catalog.onliner.by/haircare/lendan/1154022
Шампунь для увеличения объема волос Full Volume 300 мл;Нет цены;Нет цены;https://catalog.onliner.by/haircare/lendan/1154024
Шампунь для увеличения объема волос Full Volume 100 мл;Нет цены;Нет цены;https://catalog.onliner.by/haircare/lendan/1154026
Penis Enlargement Cream 100 мл 315.0001;Нет цены;Нет цены;https://catalog.onliner.by/condoms/joydrops/3150001100
Airbeat Obsidian Black 55 см (4 колеса, без увеличения);Нет цены;Нет цены;https://catalog.onliner.by/suitcase/american_tourist/45g09003
Touro XXXL 51638 (15 мл);Нет цены;Нет цены;https://catalog.onliner.by/condoms/orgie/51638
55011;Нет цены;Нет цены;https://catalog.onliner.by/condoms/labbioritm/55011ko
Dop9 6.06.01-01 (матовый черный);Нет цены;Нет цены;https://catalog.onliner.by/kidwallbars/romana/6060101
Penis Cream XXL 6264650000 (500 мл);Нет цены;Нет цены;https://catalog.onliner.by/condoms/orionversand/6264650000
Summerfunk Titanium Grey 55 см (с увеличением, 4 колеса);Нет цены;Нет цены;https://catalog.onliner.by/suitcase/american_tourist/78g18003
Summerfunk Black/Carbon 55 см (с увеличением, 4 колеса, USB);Нет цены;Нет цены;https://catalog.onliner.by/suitcase/american_tourist/78g19103
Вторая жизнь Уве 9785001310846 (Бакман Ф.);Нет цены;Нет цены;https://catalog.onliner.by/books/sinbad/9785001310846
ребенку и родителям (Ян-Уве Р.);Нет цены;Нет цены;https://catalog.onliner.by/books/mifbum/9785001698791
Убить нельзя научить. Спартакиада для варваров (Сапфир Ясмина);Нет цены;Нет цены;https://catalog.onliner.by/books/eksmo/9785040897186
Шпионка. Почему я отказалась убить Фиделя Кастро, связалась с мафией и скрывалась от ЦРУ (Лоренц Илона Марита);Нет цены;Нет цены;https://catalog.onliner.by/books/eksmo/9785040962051
Убить Януса (Попова Мария);Нет цены;Нет цены;https://catalog.onliner.by/books/eksmo/9785040973378
Любовь и уважение. Как научиться понимать свою вторую половину и обрести гармонию в отношениях (Эмерсон Эггерих);Нет цены;Нет цены;https://catalog.onliner.by/books/eksmo/9785040982134
Мститель. Убить карателя! (Шмаев Валерий Геннадьевич);Нет цены;Нет цены;https://catalog.onliner.by/books/eksmo/9785041017552
Страна Качества. Qualityland (Клинг Марк-Уве);Нет цены;Нет цены;https://catalog.onliner.by/books/eksmo/9785041049225
Я научу тебя быть богатым. 6-недельная программа по увеличению благосостояния (Сети Рамит);Нет цены;Нет цены;https://catalog.onliner.by/books/eksmo/9785041080563
Убить админа (Осинкина Рина);Нет цены;Нет цены;https://catalog.onliner.by/books/eksmo/9785041086404
Расслабься. Гениальное исследование о том, как вовремя взятая пауза в разы увеличивает ваши результаты (Фридман Томас);Нет цены;Нет цены;https://catalog.onliner.by/books/eksmo/9785041090395
Убить одним словом. Книга первая (Лоуренс Марк);Нет цены;Нет цены;https://catalog.onliner.by/books/eksmo/9785041117696
"Огонь не может убить дракона. Официальная нерассказанная история создания сериала ""Игра престолов"" (Хибберд Д.)";Нет цены;Нет цены;https://catalog.onliner.by/books/eksmo/9785041155414
Связать. Пытать. Убить. История BTK, маньяка в овечьей шкуре (Венцль Рой);Нет цены;Нет цены;https://catalog.onliner.by/books/eksmo/9785041203115
Сто причин убить его (Леонов Николай Иванович/Макеев Алексей Викторович);Нет цены;Нет цены;https://catalog.onliner.by/books/eksmo/9785041209117
Как убить литературу. Очерки о литературной политике и литературе начала 21 века (Афлатуни Сухбат);Нет цены;Нет цены;https://catalog.onliner.by/books/eksmo/9785041231231
Убить Пифагора (Чикот Маркос);Нет цены;Нет цены;https://catalog.onliner.by/books/eksmo/9785041232306
Страна Качества 2.0 (Клинг Марк-Уве);Нет цены;Нет цены;https://catalog.onliner.by/books/eksmo/9785041570446
Любовь убитой Снегурочки (Кожевникова Д.);Нет цены;Нет цены;https://catalog.onliner.by/books/eksmo/9785041718848
Убить некроманта (Далин М.);Нет цены;Нет цены;https://catalog.onliner.by/books/eksmo/9785041727383
Убить колибри. Библиотека классика 9785041915704 (Проханов А.А.);Нет цены;Нет цены;https://catalog.onliner.by/books/eksmo/9785041915704
Убить пересмешника…;Нет цены;Нет цены;https://catalog.onliner.by/books/act/9785170904112
Бумажная принцесса (Уатт Эрин);Нет цены;Нет цены;https://catalog.onliner.by/books/act/9785171040284
Сломленный принц (Уатт Эрин);Нет цены;Нет цены;https://catalog.onliner.by/books/act/9785171068578
Разрушенный дворец (Уатт Эрин);Нет цены;Нет цены;https://catalog.onliner.by/books/act/9785171083106
Отвергнутый наследник (Уатт Эрин);Нет цены;Нет цены;https://catalog.onliner.by/books/act/9785171107857
Убить пересмешника. Графический роман;Нет цены;Нет цены;https://catalog.onliner.by/books/act/9785171120719
Одна маленькая вещь (Уатт Эрин);Нет цены;Нет цены;https://catalog.onliner.by/books/act/9785171124250
Запятнанная корона (Уатт Эрин);Нет цены;Нет цены;https://catalog.onliner.by/books/act/9785171152765
Убиты под Москвой. Повести и рассказы (Воробьев Константин Дмитриевич);Нет цены;Нет цены;https://catalog.onliner.by/books/act/9785171195229
Убить пересмешника. Библиотека классики (Ли Х.);Нет цены;Нет цены;https://catalog.onliner.by/books/act/9785171370688
Как убить дракона (Стивенсон К.);Нет цены;Нет цены;https://catalog.onliner.by/books/act/9785171458386
Убить Змееныша (Акунин Борис);Нет цены;Нет цены;https://catalog.onliner.by/books/act/9785171477493
Одна маленькая вещь (Уатт Э.);Нет цены;Нет цены;https://catalog.onliner.by/books/act/9785171545185
Убиты под Москвой (Воробьев К.);Нет цены;Нет цены;https://catalog.onliner.by/books/azbuka/9785389178922
Охота на убитого соболя (Поволяев В.);Нет цены;Нет цены;https://catalog.onliner.by/books/veche/9785448417528
Убить Гиппократа (Сазанович Е.);Нет цены;Нет цены;https://catalog.onliner.by/books/veche/9785448432798
Убить фюрера (Белят М.);Нет цены;Нет цены;https://catalog.onliner.by/books/veche/9785448438721
Прокляты и убиты 9785448447518 (Астафьев В.);Нет цены;Нет цены;https://catalog.onliner.by/books/veche/9785448447518
ENGLISH. 2 класс. Учебник. Часть 1 + компакт-диск MP3 (Верещагина Ирина Николаевна/Уварова Наталия Викторовна);Нет цены;Нет цены;https://catalog.onliner.by/books/eksmo/9785699817436
Православие. Самодержавие. Народность (Уваров С.С.);Нет цены;Нет цены;https://catalog.onliner.by/books/eksmo/9785699949168
Убить колибри (Проханов Александр Андреевич);Нет цены;Нет цены;https://catalog.onliner.by/books/eksmo/9785699958092
Футбол в детском саду, или истории об уважении (Касдепке Г.);Нет цены;Нет цены;https://catalog.onliner.by/books/popurri/9789851538450
Я буду зарабатывать больше! Как постоянно увеличивать доходы (Бодо Шефер);Нет цены;Нет цены;https://catalog.onliner.by/books/popurri/9789851551930
Health Care Product с функцией увеличения;Нет цены;Нет цены;https://catalog.onliner.by/vibrators/baile/bailbw008067aq
Нав Увеличенная каменка;Нет цены;Нет цены;https://catalog.onliner.by/bathstove/varvara/bak_sboku
СТ Увеличенная каменка;Нет цены;Нет цены;https://catalog.onliner.by/bathstove/varvara/bak_sverhu_2
Присадка для увеличения вязкости масла 325мл [107];Нет цены;Нет цены;https://catalog.onliner.by/additive4fuel/bgproducts/bg107
Увезите меня на Дип-хаус BV712;Нет цены;Нет цены;https://catalog.onliner.by/glassware/truelaser/bv712
Бальзам для увеличения объема волос Naturals 260 мл;Нет цены;Нет цены;https://catalog.onliner.by/haircare/modum/c079322
Шампунь увеличение объема волос Naturals Василек Ромашка 430 мл;Нет цены;Нет цены;https://catalog.onliner.by/haircare/modum/c079411
Chia Seed Oil Сухой шампунь для увеличения объема волос (184 мл);Нет цены;Нет цены;https://catalog.onliner.by/haircare/hask/chiaseedoil184
Chia Seed Oil Шампунь для увеличения объема волос (355 мл);Нет цены;Нет цены;https://catalog.onliner.by/haircare/hask/chiaseedoil355
Chia Seed Oil Кондиционер для увеличения объема волос (355 мл);Нет цены;Нет цены;https://catalog.onliner.by/haircare/hask/chiaseedoil355q
Немига Cube УВ 90ВС Self;Нет цены;Нет цены;https://catalog.onliner.by/commfrige/entecomaster/cubesuv90vsself
Немига Cube УВ 90ВС;Нет цены;Нет цены;https://catalog.onliner.by/commfrige/entecomaster/cubeuv90vs
Эликсир для увеличения объема волос Diaboost Treatment 100 мл;Нет цены;Нет цены;https://catalog.onliner.by/haircare/nioxin/diaboosttreatmen
Альгинатный для увеличения объема волос 270 мл;Нет цены;Нет цены;https://catalog.onliner.by/haircare/nanoorg/dlyauvelicheniya
Маска Крымский убтан с эффектом ламинирования (150 г);Нет цены;Нет цены;https://catalog.onliner.by/haircare/dushmir/dm_mask
Маска Крымский убтан Питание и блеск (150 г);Нет цены;Нет цены;https://catalog.onliner.by/haircare/dushmir/dm_maskpb
Маска Крымский убтан Питание и блеск (250 г);Нет цены;Нет цены;https://catalog.onliner.by/haircare/dushmir/dm_maskpb2
Маска Крымский убтан Сила и цвет (150 г);Нет цены;Нет цены;https://catalog.onliner.by/haircare/dushmir/dm_masksc
Двина УВ 90 ВС;Нет цены;Нет цены;https://catalog.onliner.by/commfrige/brimstone/dvinauv90vs
ЭВ1-УБАТ1-0,5/230 БЕ;Нет цены;Нет цены;https://catalog.onliner.by/heater/elboom/elb1105230
ЭВ1-УБАТ1-1.0/230 БЕ;Нет цены;Нет цены;https://catalog.onliner.by/heater/elboom/elb1110230
ЭВ1-УБАТ1-2.0/230 Б;Нет цены;Нет цены;https://catalog.onliner.by/heater/elboom/elb1120230
541437;Нет цены;Нет цены;https://catalog.onliner.by/condoms/erotist/erot541437
ЭВ1-УБАТ1-0,5/230 Б;Нет цены;Нет цены;https://catalog.onliner.by/heater/elboom/ev1ubat105230b
ЭВ1-УБАТ1-1,0/230;Нет цены;Нет цены;https://catalog.onliner.by/heater/elboom/ev1ubat110230
ЭВ1-УБАТ1-1,0/230 Б;Нет цены;Нет цены;https://catalog.onliner.by/heater/elboom/ev1ubat110230b
ЭВ1-УБАТ1-1,5/230 Б;Нет цены;Нет цены;https://catalog.onliner.by/heater/elboom/ev1ubat115230b
ЭВ1-УБАТ1-1,5/230 БЕ;Нет цены;Нет цены;https://catalog.onliner.by/heater/elboom/ev1ubat115230be
ЭВ1-УБАТ1-2.0/230 БЕ З (с защитным заземлением);Нет цены;Нет цены;https://catalog.onliner.by/heater/elboom/ev1ubat120230bez
Bioactive Volume-Up Booster для увеличения объема 75 мл;Нет цены;Нет цены;https://catalog.onliner.by/haircare/farmagan/farmbioactivevol
Lip Maximizer плампер с эффектом увеличения 7032 (прозрачный);Нет цены;Нет цены;https://catalog.onliner.by/lip_makeup/farres/farr7032
С увеличенным индексом 004pf;Нет цены;Нет цены;https://catalog.onliner.by/boardgame/fbgames/fi004pf
Fresh Market убтан мягкий цветочный 100 г;Нет цены;Нет цены;https://catalog.onliner.by/facial_cosmetics/planetaorganica/freshmarket100
Fresh Market убтан индийский травяной 100 г;Нет цены;Нет цены;https://catalog.onliner.by/facial_cosmetics/planetaorganica/freshmarketit100
Hornet II (с увеличенными ножками);Нет цены;Нет цены;https://catalog.onliner.by/gascylinder/firemaple/hornetii
Иксалан. Уатли, Рыцарь на Динозавре;Нет цены;Нет цены;https://catalog.onliner.by/boardgame/mtg/iksalanuatli
Звездные увеличения bath_18414;Нет цены;Нет цены;https://catalog.onliner.by/dispenser/joyarty/joyabath18414
Звездные увеличения cwm_18414_120x45;Нет цены;Нет цены;https://catalog.onliner.by/dispenser/joyarty/joyacwm18414120x
Звездные увеличения np_18414 4 шт;Нет цены;Нет цены;https://catalog.onliner.by/serving/joyarty/joyanp18414
Увеличение ромбов np_36467 4 шт;Нет цены;Нет цены;https://catalog.onliner.by/serving/joyarty/joyanp36467
Увеличение квадратов np_37448 4 шт;Нет цены;Нет цены;https://catalog.onliner.by/serving/joyarty/joyanp37448
Звездные увеличения 1.45x1.8 м (2 шт);Нет цены;Нет цены;https://catalog.onliner.by/curtains/joyarty/joyap18414145x18
Звездные увеличения 1.45x2.65 м (2 шт);Нет цены;Нет цены;https://catalog.onliner.by/curtains/joyarty/joyap18414145x26
Увеличение ромбов 1.45x1.8 м (2 шт);Нет цены;Нет цены;https://catalog.onliner.by/curtains/joyarty/joyap36467145x18
Увеличение квадратов 1.45x1.8 м (2 шт);Нет цены;Нет цены;https://catalog.onliner.by/curtains/joyarty/joyap37448145x18
Звездные увеличения Oxford DeLux 1.7x2.65 м (2 шт);Нет цены;Нет цены;https://catalog.onliner.by/curtains/joyarty/joyapox18414170x
Увеличение квадратов Oxford DeLux 1.45x1.8 м (2 шт);Нет цены;Нет цены;https://catalog.onliner.by/curtains/joyarty/joyapox37448145x
Звездные увеличения sc_18414;Нет цены;Нет цены;https://catalog.onliner.by/bathtub_curtain/joyarty/joyasc18414
С увеличенной рабочей поверхностью Ø25 мм;Нет цены;Нет цены;https://catalog.onliner.by/brusherscurlers/kapous/kapous912
С увеличенной рабочей поверхностью Ø33 мм;Нет цены;Нет цены;https://catalog.onliner.by/brusherscurlers/kapous/kapous913
С увеличенной рабочей поверхностью Ø53 мм;Нет цены;Нет цены;https://catalog.onliner.by/brusherscurlers/kapous/kapous914
С увеличенной рабочей поверхностью, Ø34 мм с деревянной ручкой;Нет цены;Нет цены;https://catalog.onliner.by/brusherscurlers/kapous/kapous920
С увеличенной рабочей поверхностью, Ø19 мм с деревянной ручкой;Нет цены;Нет цены;https://catalog.onliner.by/brusherscurlers/kapous/kapous921
С увеличенной рабочей поверхностью, Ø15 мм с деревянной ручкой;Нет цены;Нет цены;https://catalog.onliner.by/brusherscurlers/kapous/kapous922
Увеличенные Din 9021 M8 KR-01-3533-005 (100шт);Нет цены;Нет цены;https://catalog.onliner.by/nuts_washers/kranz/krankr013533005
Скраб для лица Натуральный убтан (100 г);Нет цены;Нет цены;https://catalog.onliner.by/facial_cosmetics/levrana/levrskrabdlalica
Сыворотка для губ c эффектом увеличения Lip Fill Up Serum;Нет цены;Нет цены;https://catalog.onliner.by/facial_cosmetics/joncosm/lipfillupserum
Для увеличения объема 5;Нет цены;Нет цены;https://catalog.onliner.by/lip_makeup/lipojen/lipodlauveliceko
Для увеличения объема 6;Нет цены;Нет цены;https://catalog.onliner.by/lip_makeup/lipojen/lipodlauvelicel9
Для увеличения объема 1;Нет цены;Нет цены;https://catalog.onliner.by/lip_makeup/lipojen/lipodlauvelicemj
Для увеличения объема 10;Нет цены;Нет цены;https://catalog.onliner.by/lip_makeup/lipojen/lipodlauvelicen0
Для увеличения объема 4;Нет цены;Нет цены;https://catalog.onliner.by/lip_makeup/lipojen/lipodlauveliceni
Для увеличения объема 11;Нет цены;Нет цены;https://catalog.onliner.by/lip_makeup/lipojen/lipodlauveliceo5
Для увеличения объема 2;Нет цены;Нет цены;https://catalog.onliner.by/lip_makeup/lipojen/lipodlauvelicepj
Для увеличения объема 3;Нет цены;Нет цены;https://catalog.onliner.by/lip_makeup/lipojen/lipodlauveliceq9
Для увеличения объема 7;Нет цены;Нет цены;https://catalog.onliner.by/lip_makeup/lipojen/lipodlauvelicer4
Для увеличения объема 8;Нет цены;Нет цены;https://catalog.onliner.by/lip_makeup/lipojen/lipodlauvelicev3
Для увеличения объема 9;Нет цены;Нет цены;https://catalog.onliner.by/lip_makeup/lipojen/lipodlauvelicewk
Domino Classic Easy Entry с увеличенным количеством смазки 7939;Нет цены;Нет цены;https://catalog.onliner.by/condoms/luxedongyang/luxeluxe7939
Немига Lux УВ 90 ВС;Нет цены;Нет цены;https://catalog.onliner.by/commfrige/entecomaster/luxuv90vs
Немига Lux УВ 90 ВС Self;Нет цены;Нет цены;https://catalog.onliner.by/commfrige/entecomaster/luxuv90vsself
М001 (черный, взрослый увеличенный);Нет цены;Нет цены;https://catalog.onliner.by/medicalmask/reverans/m001blmuzh
М002 (черный, взрослый увеличенный);Нет цены;Нет цены;https://catalog.onliner.by/medicalmask/reverans/m002blmuzh
М003 (черный, взрослый увеличенный);Нет цены;Нет цены;https://catalog.onliner.by/medicalmask/reverans/m003blmuzh
М005 (черный, взрослый увеличенный);Нет цены;Нет цены;https://catalog.onliner.by/medicalmask/reverans/m005blmuzh
М013 (черный, взрослый увеличенный);Нет цены;Нет цены;https://catalog.onliner.by/medicalmask/reverans/m013blvsuv
М014 (черный, взрослый увеличенный);Нет цены;Нет цены;https://catalog.onliner.by/medicalmask/reverans/m014blvsuv
М016 (черный, взрослый увеличенный);Нет цены;Нет цены;https://catalog.onliner.by/medicalmask/reverans/m016blvsuv
М017 (черный, взрослый увеличенный);Нет цены;Нет цены;https://catalog.onliner.by/medicalmask/reverans/m017blvsuv
М019 (черный, взрослый увеличенный);Нет цены;Нет цены;https://catalog.onliner.by/medicalmask/reverans/m019blvsuv
М021 (черный, взрослый увеличенный);Нет цены;Нет цены;https://catalog.onliner.by/medicalmask/reverans/m021blmuzh
М022 (черный, взрослый увеличенный);Нет цены;Нет цены;https://catalog.onliner.by/medicalmask/reverans/m022blvsuv
М024 (черный, взрослый увеличенный);Нет цены;Нет цены;https://catalog.onliner.by/medicalmask/reverans/m024blvsuv
М030 (черный, взрослый увеличенный);Нет цены;Нет цены;https://catalog.onliner.by/medicalmask/reverans/m030blvsuv
М036 (черный, взрослый увеличенный);Нет цены;Нет цены;https://catalog.onliner.by/medicalmask/reverans/m036blvsuv
М036 (белый, взрослый увеличенный);Нет цены;Нет цены;https://catalog.onliner.by/medicalmask/reverans/m036whvsuv
М038 (черный, взрослый увеличенный);Нет цены;Нет цены;https://catalog.onliner.by/medicalmask/reverans/m038blvsuv
М045 (черный, взрослый увеличенный);Нет цены;Нет цены;https://catalog.onliner.by/medicalmask/reverans/m045blvsuv
М049 (черный, взрослый увеличенный);Нет цены;Нет цены;https://catalog.onliner.by/medicalmask/reverans/m049blvsuv
М050 (черный/розовый, взрослый увеличенный);Нет цены;Нет цены;https://catalog.onliner.by/medicalmask/reverans/m050blpvsuv
М050 (черный/белый, взрослый увеличенный);Нет цены;Нет цены;https://catalog.onliner.by/medicalmask/reverans/m050blvsuv
М068 (черный, взрослый увеличенный);Нет цены;Нет цены;https://catalog.onliner.by/medicalmask/reverans/m068blvsuv
М082 (черный, взрослый увеличенный);Нет цены;Нет цены;https://catalog.onliner.by/medicalmask/reverans/m082blvsuv
М091 (черный, взрослый увеличенный);Нет цены;Нет цены;https://catalog.onliner.by/medicalmask/reverans/m091blvsuv
М095 (черный, взрослый увеличенный);Нет цены;Нет цены;https://catalog.onliner.by/medicalmask/reverans/m095blvsuv
М101 (черный/красный, взрослый увеличенный);Нет цены;Нет цены;https://catalog.onliner.by/medicalmask/reverans/m101blrvsuv
М101 (серый/красный, взрослый увеличенный);Нет цены;Нет цены;https://catalog.onliner.by/medicalmask/reverans/m101blvsuv
М101 (серый/салатовый, взрослый увеличенный);Нет цены;Нет цены;https://catalog.onliner.by/medicalmask/reverans/m101grsvsuv
М104 (черный/розовый, взрослый увеличенный);Нет цены;Нет цены;https://catalog.onliner.by/medicalmask/reverans/m104blpvsuv
М104 (черный/белый, взрослый увеличенный);Нет цены;Нет цены;https://catalog.onliner.by/medicalmask/reverans/m104blvsuv
М105 (серый, взрослый увеличенный);Нет цены;Нет цены;https://catalog.onliner.by/medicalmask/reverans/m105blvsuv
М106 (черный, взрослый увеличенный);Нет цены;Нет цены;https://catalog.onliner.by/medicalmask/reverans/m106blvsuv
М112 (черный, взрослый увеличенный);Нет цены;Нет цены;https://catalog.onliner.by/medicalmask/reverans/m112blvsuv
М113 (черный, взрослый увеличенный);Нет цены;Нет цены;https://catalog.onliner.by/medicalmask/reverans/m113blvsuv
М113 (серый, взрослый увеличенный);Нет цены;Нет цены;https://catalog.onliner.by/medicalmask/reverans/m113grvsuv
М124 (черный, взрослый увеличенный);Нет цены;Нет цены;https://catalog.onliner.by/medicalmask/reverans/m124blvsuv
М125 (черный, взрослый увеличенный);Нет цены;Нет цены;https://catalog.onliner.by/medicalmask/reverans/m125blvsuv
М127 (черный, взрослый увеличенный);Нет цены;Нет цены;https://catalog.onliner.by/medicalmask/reverans/m127blvsuv
М131 (черный, взрослый увеличенный);Нет цены;Нет цены;https://catalog.onliner.by/medicalmask/reverans/m131blvsuv
М131 (розовый, взрослый увеличенный);Нет цены;Нет цены;https://catalog.onliner.by/medicalmask/reverans/m131pivsuv
М135 (черный, взрослый увеличенный);Нет цены;Нет цены;https://catalog.onliner.by/medicalmask/reverans/m135blvsuv
М144 (черный, взрослый увеличенный);Нет цены;Нет цены;https://catalog.onliner.by/medicalmask/reverans/m144blvsuv
М145 (черный, взрослый увеличенный);Нет цены;Нет цены;https://catalog.onliner.by/medicalmask/reverans/m145blvsuv
М147 (черный, взрослый увеличенный);Нет цены;Нет цены;https://catalog.onliner.by/medicalmask/reverans/m147blvsuv
М148 (черный, взрослый увеличенный);Нет цены;Нет цены;https://catalog.onliner.by/medicalmask/reverans/m148blvsuv
М149 (черный, взрослый увеличенный);Нет цены;Нет цены;https://catalog.onliner.by/medicalmask/reverans/m149blvsuv
М150 (черный, взрослый увеличенный);Нет цены;Нет цены;https://catalog.onliner.by/medicalmask/reverans/m150blvsuv
М151 (черный, взрослый увеличенный);Нет цены;Нет цены;https://catalog.onliner.by/medicalmask/reverans/m151blvsuv
Спрей для увеличения объема Bounce 118 мл;Нет цены;Нет цены;https://catalog.onliner.by/haircare/marrakesh/marrakeshbounce
Маска Для увеличения объема, роста и блеска волос (100 г);Нет цены;Нет цены;https://catalog.onliner.by/haircare/daliz/maskaduoirbv
Sex Gigant Expancion (80 мл);Нет цены;Нет цены;https://catalog.onliner.by/condoms/miagra/miag481353500056
Мини Увеличенная Каменка и Водонагревательный контур;Нет цены;Нет цены;https://catalog.onliner.by/bathstove/varvara/mini_kontur_kame
Мини Увеличенная Каменка;Нет цены;Нет цены;https://catalog.onliner.by/bathstove/varvara/mini_uvel_kamenk
с эффектом увеличения объема прически 150 мл;Нет цены;Нет цены;https://catalog.onliner.by/haircare/mirram/mirrahair150
МЛ149 (черный, взрослый увеличенный);Нет цены;Нет цены;https://catalog.onliner.by/medicalmask/reverans/ml149vsuv
МЛ150 (черный, взрослый увеличенный);Нет цены;Нет цены;https://catalog.onliner.by/medicalmask/reverans/ml150vsuv
МЛ150 (белый, взрослый увеличенный);Нет цены;Нет цены;https://catalog.onliner.by/medicalmask/reverans/ml150whvsuv
увеличенная M00013 (хаки);Нет цены;Нет цены;https://catalog.onliner.by/cosmeticbag/molevaco/molevacobiger
увеличенная M00013 (серый);Нет цены;Нет цены;https://catalog.onliner.by/cosmeticbag/molevaco/molevacokha
увеличенная M00013 (фиолетовый);Нет цены;Нет цены;https://catalog.onliner.by/cosmeticbag/molevaco/molevacopur
увеличенная M00013 (салатовый);Нет цены;Нет цены;https://catalog.onliner.by/cosmeticbag/molevaco/molevacosal
увеличенная M00013 (оранжевый);Нет цены;Нет цены;https://catalog.onliner.by/cosmeticbag/molevaco/molevam00013or
увеличенная M00013 (красный);Нет цены;Нет цены;https://catalog.onliner.by/cosmeticbag/molevaco/molevam00013red
увеличенная M00013 (асфальт);Нет цены;Нет цены;https://catalog.onliner.by/cosmeticbag/molevaco/molevm00013asf
увеличенная M00013 (бежевый);Нет цены;Нет цены;https://catalog.onliner.by/cosmeticbag/molevaco/molevm00013beg
увеличенная M00013 (бордовый);Нет цены;Нет цены;https://catalog.onliner.by/cosmeticbag/molevaco/molevm00013bord
увеличенная M00013 (желтый);Нет цены;Нет цены;https://catalog.onliner.by/cosmeticbag/molevaco/molevm00013ye
Нарочь УВ 90 ВС;Нет цены;Нет цены;https://catalog.onliner.by/commfrige/brimstone/narochuv90vs
Нарочь УВ 90 ВСВ;Нет цены;Нет цены;https://catalog.onliner.by/commfrige/brimstone/narochuv90vsv
Неман УВ 90 ВС;Нет цены;Нет цены;https://catalog.onliner.by/commfrige/brimstone/nemanuv90vs
Ночная сыворотка для увеличения густоты волос Night 70 мл;Нет цены;Нет цены;https://catalog.onliner.by/haircare/nioxin/night70
Альгинатный для увеличения объема волос 300 мл;Нет цены;Нет цены;https://catalog.onliner.by/haircare/nanoorg/obemavolos300ml
Penis Cream XXL (80 мл);Нет цены;Нет цены;https://catalog.onliner.by/condoms/oriono/orio6103300000
Penis Cream XXL (200 мл);Нет цены;Нет цены;https://catalog.onliner.by/condoms/oriono/orio6214390000
Кондиционер для увеличения объема волос (200 мл);Нет цены;Нет цены;https://catalog.onliner.by/haircare/organicsurge/osurcond3
Шампунь для увеличения объема волос (200 мл);Нет цены;Нет цены;https://catalog.onliner.by/haircare/organicsurge/osurcond8
Мгновенное увеличение густоты волос 150 мл;Нет цены;Нет цены;https://catalog.onliner.by/haircare/pantene/pantenegustyegkr
Скраб для тела Fresh Market убтан сибирский банный 250 г;Нет цены;Нет цены;https://catalog.onliner.by/body_care/planetaorganica/planskrabdlateko
Скраб Fresh Market убтан индийский глиняный 100 г;Нет цены;Нет цены;https://catalog.onliner.by/facial_cosmetics/planetaorganica/planskrabfreshmj
С увеличенным выходом (800 мл);Нет цены;Нет цены;https://catalog.onliner.by/soundproofing/makroflex/pm800makroflex
С увеличенным выходом под пистолет (850 мл);Нет цены;Нет цены;https://catalog.onliner.by/soundproofing/makroflex/pm850makroflex
для увеличения объёма аэрогриля;Нет цены;Нет цены;https://catalog.onliner.by/kitchen_acs/ves/rashkolc
КДу дюралевый увеличенная трапеция;Нет цены;Нет цены;https://catalog.onliner.by/carabiners/ringufa/ringdur2
Отбор поневоле, или Как не убить эльфа (Гром Мира, Тагай София);Нет цены;Нет цены;https://catalog.onliner.by/books/rugram/rugr978551708803
FPC-0052 разъемная с увеличенным дном d 18 см;Нет цены;Нет цены;https://catalog.onliner.by/breadpan/schief/schifpc0052
Убтан для лица 50 г;Нет цены;Нет цены;https://catalog.onliner.by/facial_cosmetics/bubblz/skincleansersubt
Немига Standart УВ 90 ВС;Нет цены;Нет цены;https://catalog.onliner.by/commfrige/entecomaster/standartuv90vs
Немига Standart УВ 90 ВС Self;Нет цены;Нет цены;https://catalog.onliner.by/commfrige/entecomaster/standuv90vsself
Утро Востока УВ-300сп;Нет цены;Нет цены;https://catalog.onliner.by/teapot/tima/timayv300sp
Утро Востока УВ-420сп;Нет цены;Нет цены;https://catalog.onliner.by/teapot/tima/timayv420sp
Утро Востока УВ-420;Нет цены;Нет цены;https://catalog.onliner.by/teapot/tima/timyv420
УБАТ2-0.5/230 Б Е З;Нет цены;Нет цены;https://catalog.onliner.by/heater/elboom/ubat205230bez
Убтан 50 г;Нет цены;Нет цены;https://catalog.onliner.by/body_care/bubblz/ubtan
Скраб для лица Убтан N1 100 мл;Нет цены;Нет цены;https://catalog.onliner.by/facial_cosmetics/laboratoriummag/ubtan1100
Скраб для лица Убтан N1 400 мл;Нет цены;Нет цены;https://catalog.onliner.by/facial_cosmetics/laboratoriummag/ubtan1400
Скраб для лица Убтан N2 100 мл;Нет цены;Нет цены;https://catalog.onliner.by/facial_cosmetics/laboratoriummag/ubtan2100
Скраб для лица Убтан N2 400 мл;Нет цены;Нет цены;https://catalog.onliner.by/facial_cosmetics/laboratoriummag/ubtan2400
Убтан для чувствительной и сухой кожи;Нет цены;Нет цены;https://catalog.onliner.by/facial_cosmetics/vabna/ubtansuhkozha
Убтан для жирной кожи;Нет цены;Нет цены;https://catalog.onliner.by/facial_cosmetics/vabna/ubtanzhirkozh
Убтан для кожи, склонной к воспалениям;Нет цены;Нет цены;https://catalog.onliner.by/facial_cosmetics/vabna/ubtsklonvosp
Убтан маска Эффект лифтинга (150 г);Нет цены;Нет цены;https://catalog.onliner.by/facial_cosmetics/dushmir/umlifting150
Убтан маска Сияющая кожа (150 г);Нет цены;Нет цены;https://catalog.onliner.by/facial_cosmetics/dushmir/umskoja150
Убтан маска Сияющая кожа (250 г);Нет цены;Нет цены;https://catalog.onliner.by/facial_cosmetics/dushmir/umskoja250
Аквос УВ403;Нет цены;Нет цены;https://catalog.onliner.by/humidifier/mig/uv403
Аквос УВ404И;Нет цены;Нет цены;https://catalog.onliner.by/humidifier/mig/uv404i
Аквос УВ406;Нет цены;Нет цены;https://catalog.onliner.by/humidifier/mig/uv406
Уве 200x90;Нет цены;Нет цены;https://catalog.onliner.by/bed/mogilevdrev/uve20090
Мультикомпонентный комплекс увеличение объема тонких волос 5 мл;Нет цены;Нет цены;https://catalog.onliner.by/haircare/linehandmade/uvelichenieobyom
Увеличение губ;Нет цены;Нет цены;https://catalog.onliner.by/certificates/centracademy/uvelichgub
Стальной увеличенный vpro 0014;Нет цены;Нет цены;https://catalog.onliner.by/carabiners/ventosport/vpro0014
Widelash для увеличения объема 3.4 г;Нет цены;Нет цены;https://catalog.onliner.by/eye_makeup/belordesign/widelash34
УАТИП-04 5В;Нет цены;Нет цены;https://catalog.onliner.by/aerial/deltanppost/y_045v
22 СБ1-УВ1/Ч (черный);Нет цены;Нет цены;https://catalog.onliner.by/linendryer/nika_vendor/sb1uv1ch
